QID,timestamp,selected,correct,time_spent
1259,2026-04-06 12:00:00,D,True,30.0
1086,2026-04-06 12:00:00,D,False,30.0
1406,2026-04-06 12:00:00,E,True,30.0
1468,2026-04-06 12:00:00,B,True,30.0
1225,2026-04-06 12:00:00,B,True,30.0
1471,2026-04-06 12:00:00,A,True,30.0
1116,2026-04-06 12:00:00,B,True,30.0
1402,2026-04-06 12:00:00,D,True,30.0
1114,2026-04-06 12:00:00,B,True,30.0
1232,2026-04-06 12:00:00,B,True,30.0
1234,2026-04-06 12:00:00,D,True,30.0
1238,2026-04-06 12:00:00,B,True,30.0
1393,2026-04-06 12:00:00,B,True,30.0
1390,2026-04-06 12:00:00,B,False,30.0
1373,2026-04-07 12:00:00,D,True,30.0
1425,2026-04-07 12:00:00,C,True,30.0
1371,2026-04-07 12:00:00,C,False,30.0
1501,2026-04-07 12:00:00,C,True,30.0
1501,2026-04-07 12:00:00,C,True,30.0
1501,2026-04-07 12:00:00,C,True,30.0
1501,2026-04-07 12:00:00,C,True,30.0
1501,2026-04-07 12:00:00,C,True,30.0
1501,2026-04-07 12:00:00,C,True,30.0
1446,2026-04-07 12:00:00,C,True,30.0
1496,2026-04-07 12:00:00,C,True,30.0
1357,2026-04-07 12:00:00,E,True,30.0
1318,2026-04-07 12:00:00,E,False,30.0
1384,2026-04-07 12:00:00,D,True,30.0
1287,2026-04-08 12:00:00,D,True,30.0
1318,2026-04-08 12:00:00,E,False,30.0
1408,2026-04-08 12:00:00,E,True,30.0
1191,2026-04-08 12:00:00,A,True,30.0
1424,2026-04-08 12:00:00,B,True,30.0
1278,2026-04-08 12:00:00,D,True,30.0
1457,2026-04-08 12:00:00,C,True,30.0
1593,2026-04-08 12:00:00,A,True,30.0
1517,2026-04-08 12:00:00,C,True,30.0
1345,2026-04-08 12:00:00,B,True,30.0
1421,2026-04-08 12:00:00,B,True,30.0
1305,2026-04-08 12:00:00,C,True,30.0
1578,2026-04-08 12:00:00,C,False,30.0
1721,2026-04-08 12:00:00,E,True,30.0
1601,2026-04-08 12:00:00,D,True,30.0
1253,2026-04-09 12:00:00,A,False,30.0
1627,2026-04-09 12:00:00,A,False,30.0
1281,2026-04-09 12:00:00,B,True,30.0
1318,2026-04-09 12:00:00,D,True,30.0
1716,2026-04-09 12:00:00,D,True,30.0
1747,2026-04-09 12:00:00,C,True,30.0
1304,2026-04-09 12:00:00,C,True,30.0
1627,2026-04-09 12:00:00,D,True,30.0
1688,2026-04-09 12:00:00,C,False,30.0
1218,2026-04-09 12:00:00,D,False,30.0
1412,2026-04-09 12:00:00,C,False,30.0
1494,2026-04-09 12:00:00,D,False,30.0
1684,2026-04-09 12:00:00,E,False,30.0
1528,2026-04-09 12:00:00,B,True,30.0
1653,2026-04-09 12:00:00,B,True,30.0
1684,2026-04-10 12:00:00,C,True,30.0
1414,2026-04-10 12:00:00,E,True,30.0
1211,2026-04-10 12:00:00,D,True,30.0
1494,2026-04-10 12:00:00,B,True,30.0
1718,2026-04-10 12:00:00,C,True,30.0
1253,2026-04-10 12:00:00,D,True,30.0
1656,2026-04-10 12:00:00,C,True,30.0
1218,2026-04-10 12:00:00,E,True,30.0
1218,2026-04-10 12:00:00,E,True,30.0
1688,2026-04-10 12:00:00,A,True,30.0
1423,2026-04-10 12:00:00,C,False,30.0
1298,2026-04-10 12:00:00,A,True,30.0
1738,2026-04-10 12:00:00,C,False,30.0
1423,2026-04-10 12:00:00,A,True,30.0
1738,2026-04-10 12:00:00,E,True,30.0
1412,2026-04-11 12:00:00,B,True,30.0
1420,2026-04-11 12:00:00,D,False,30.0
1318,2026-04-11 12:00:00,D,True,30.0
1605,2026-04-11 12:00:00,A,True,30.0
1723,2026-04-11 12:00:00,C,True,30.0
1639,2026-04-11 12:00:00,A,True,30.0
1568,2026-04-11 12:00:00,C,True,30.0
1420,2026-04-11 12:00:00,E,True,30.0
1629,2026-04-11 12:00:00,C,True,30.0
1359,2026-04-11 12:00:00,E,False,30.0
1666,2026-04-11 12:00:00,B,True,30.0
1500,2026-04-11 12:00:00,C,True,30.0
1178,2026-04-11 12:00:00,A,False,30.0
1529,2026-04-11 12:00:00,E,True,30.0
1426,2026-04-11 12:00:00,C,True,30.0
1582,2026-04-12 12:00:00,A,True,30.0
1438,2026-04-12 12:00:00,B,False,30.0
1749,2026-04-12 12:00:00,D,True,30.0
1579,2026-04-12 12:00:00,A,True,30.0
1689,2026-04-12 12:00:00,C,True,30.0
1578,2026-04-12 12:00:00,B,False,30.0
1444,2026-04-12 12:00:00,C,True,30.0
1694,2026-04-12 12:00:00,C,True,30.0
1109,2026-04-12 12:00:00,E,True,30.0
1453,2026-04-12 12:00:00,E,True,30.0
1290,2026-04-12 12:00:00,E,True,30.0
1584,2026-04-12 12:00:00,B,True,30.0
1574,2026-04-12 12:00:00,C,True,30.0
1594,2026-04-12 12:00:00,C,True,30.0
1409,2026-04-12 12:00:00,C,True,30.0
1753,2026-04-13 10:00:00,E,True,30.0
1460,2026-04-13 10:00:00,A,True,30.0
1532,2026-04-13 10:00:00,D,False,30.0
1722,2026-04-13 10:00:00,D,True,30.0
1413,2026-04-13 10:00:00,D,True,30.0
1587,2026-04-13 10:00:00,B,True,30.0
1363,2026-04-13 10:00:00,B,True,30.0
1735,2026-04-13 10:00:00,C,True,30.0
1178,2026-04-13 10:00:00,D,True,30.0
1578,2026-04-13 10:00:00,A,True,30.0
1652,2026-04-13 10:00:00,B,True,30.0
1532,2026-04-13 10:00:00,A,False,30.0
1585,2026-04-13 10:00:00,B,True,30.0
1627,2026-04-13 11:01:46,D,True,30.0
1627,2026-04-13 11:04:56,D,True,30.0
1715,2026-04-13 11:05:58,C,False,30.0
1740,2026-04-13 11:14:05.220383,D,False,30.0
1756,2026-04-13 11:15:44.086399,B,True,30.0
1738,2026-04-13 11:18:39.132882,E,True,30.0
1244,2026-04-13 11:19:26.239680,E,False,30.0
1355,2026-04-13 15:07:38.185300,D,False,30.0
1355,2026-04-13 15:16:41.375586,E,True,30.0
1664,2026-04-13 15:17:19.454105,E,True,30.0
1588,2026-04-13 15:17:53.502352,A,True,30.0
1638,2026-04-14 09:11:35.113787,C,True,30.0
1275,2026-04-14 09:12:28.147038,B,True,30.0
1532,2026-04-14 09:13:01.368034,A,False,30.0
1297,2026-04-14 09:13:48.835769,B,False,30.0
1282,2026-04-14 09:14:57.581603,B,True,30.0
1456,2026-04-14 09:15:25.612448,C,False,30.0
1455,2026-04-14 14:33:53.552484,D,True,30.0
1297,2026-04-14 14:34:18.675296,D,True,30.0
1359,2026-04-14 14:34:41.749153,D,True,30.0
1420,2026-04-14 14:35:31.952288,E,True,30.0
1456,2026-04-14 14:35:59.281661,D,True,30.0
1280,2026-04-14 14:36:38.298355,C,False,30.0
1542,2026-04-15 09:27:54.565561,A,True,30.0
1244,2026-04-15 09:34:28.805152,C,True,30.0
1277,2026-04-15 09:35:27.431750,D,False,30.0
1276,2026-04-15 09:38:56.081778,D,True,30.0
1715,2026-04-15 09:39:41.854127,E,True,30.0
1423,2026-04-15 09:40:13.866171,A,True,30.0
1280,2026-04-15 09:40:52.621969,D,True,30.0
1597,2026-04-15 09:41:17.899150,C,True,30.0
1740,2026-04-15 09:51:51.645631,E,True,30.0
1532,2026-04-15 09:52:30.502234,C,False,30.0
1495,2026-04-15 09:53:58.656238,A,True,30.0
1479,2026-04-15 09:55:00.586470,D,False,30.0
1545,2026-04-15 09:55:50.239483,C,True,30.0
1323,2026-04-15 09:56:41.861738,C,True,30.0
1325,2026-04-15 09:57:29.855925,B,False,30.0
1235,2026-04-15 10:37:30.420917,B,True,30.0
1277,2026-04-15 10:37:54.568278,C,True,30.0
1614,2026-04-15 10:38:14.458597,B,True,30.0
1646,2026-04-15 10:38:32.522549,B,True,30.0
1621,2026-04-15 12:05:11.124177,C,False,30.0
1659,2026-04-15 12:06:13.436368,C,True,30.0
1479,2026-04-15 12:06:44.642700,B,True,30.0
1549,2026-04-15 12:07:30.845475,A,True,30.0
1532,2026-04-15 12:07:47.555398,B,True,30.0
1325,2026-04-15 12:07:57.045645,D,True,30.0
1438,2026-04-16 09:38:04.270745,D,True,30.0
1621,2026-04-17 17:35:15.462768,D,False,30.0
1621,2026-04-17 17:38:17.770754,B,True,30.0
1494,2026-04-17 17:39:16.449652,B,True,30.0
1253,2026-04-24 20:11:14.735926,D,True,30.0
1684,2026-04-24 20:15:29.670387,C,True,30.0
1688,2026-04-24 20:16:09.798156,C,False,30.0
1412,2026-04-24 20:18:04.960260,C,False,30.0
1318,2026-04-24 20:18:50.490939,D,True,30.0
1218,2026-04-24 20:19:41.102535,E,True,30.0
1738,2026-04-24 20:20:06.015395,E,True,30.0
1420,2026-04-24 20:20:36.926507,E,True,30.0
1423,2026-04-24 20:21:19.948434,A,True,30.0
1532,2026-04-24 20:21:43.289197,B,True,30.0
1494,2026-04-24 20:22:35.705873,B,True,30.0
1688,2026-04-24 20:53:33.513683,A,True,30.0
1767,2026-04-24 21:27:28.011594,D,True,30.0
1770,2026-04-24 21:51:43.158960,E,True,30.0
1771,2026-04-24 21:52:15.577862,A,False,30.0
1770,2026-04-24 21:53:18.452668,E,True,30.0
1772,2026-04-24 21:54:04.653484,D,False,30.0
1773,2026-04-24 21:54:35.959766,A,False,30.0
1774,2026-04-24 21:56:03.881706,B,True,30.0
1775,2026-04-24 21:56:40.977198,A,False,30.0
1776,2026-04-24 21:57:17.826005,E,True,30.0
1777,2026-04-24 21:57:52.519919,A,True,30.0
1778,2026-04-24 22:01:19.753558,A,True,30.0
1779,2026-04-24 22:01:54.369925,A,False,30.0
1770,2026-04-25 11:34:42.739712,E,True,30.0
1771,2026-04-25 11:34:59.396697,D,True,30.0
1772,2026-04-25 11:35:27.339978,E,True,30.0
1770,2026-04-27 11:16:47.322180,E,True,30.0
1771,2026-04-27 11:17:00.847145,D,True,30.0
1772,2026-04-27 11:17:17.598405,E,True,30.0
1772,2026-04-27 11:23:42.721225,E,True,30.0
1772,2026-04-27 11:24:16.380309,E,True,30.0
1773,2026-04-27 11:25:11.773537,D,True,30.0
1774,2026-04-27 11:26:40.830897,B,True,30.0
1775,2026-04-27 11:27:00.902894,E,True,30.0
1776,2026-04-27 11:27:15.391439,E,True,30.0
1777,2026-04-27 13:35:11.306632,A,True,30.0
1778,2026-04-27 13:35:38.090429,A,True,30.0
1779,2026-04-27 13:36:04.621211,B,True,30.0
1780,2026-04-27 13:36:38.308796,D,True,30.0
1781,2026-04-27 13:38:46.987213,C,False,30.0
1782,2026-04-27 13:52:36.946170,B,True,30.0
1781,2026-04-27 13:52:52.406692,B,False,30.0
1783,2026-04-27 13:53:33.898215,E,False,30.0
1784,2026-04-27 13:54:22.284225,C,False,30.0
1785,2026-04-27 13:55:34.732279,B,True,30.0
1787,2026-04-27 15:41:14.157058,B,True,30.0
1412,2026-04-27 15:43:02.466182,B,True,30.0
1688,2026-04-27 15:43:32.073156,C,False,30.0
1788,2026-04-27 15:44:16.699497,B,False,30.0
1789,2026-04-27 15:44:46.200571,D,True,30.0
1790,2026-04-27 15:45:13.744567,B,False,30.0
1791,2026-04-27 15:45:51.016231,A,True,30.0
1792,2026-04-27 15:46:05.917181,E,False,30.0
1793,2026-04-27 15:46:29.225579,B,False,30.0
1793,2026-04-27 15:52:22.180699,D,True,30.0
1794,2026-04-27 15:53:13.256804,B,True,30.0
1794,2026-04-27 15:54:59.872248,B,True,30.0
1688,2026-04-27 15:55:25.779553,C,False,30.0
1795,2026-04-27 15:56:09.232862,E,True,30.0
1796,2026-04-27 15:56:30.454494,A,True,30.0
1797,2026-04-27 15:56:42.526048,B,True,30.0
1798,2026-04-27 15:56:59.358451,B,True,30.0
1688,2026-04-28 16:00:11.847560,A,True,30.0
1412,2026-04-28 16:02:08.733617,B,True,30.0
1318,2026-04-28 16:02:44.926195,D,True,30.0
1253,2026-04-28 16:03:33.075040,C,False,30.0
1684,2026-04-28 16:04:05.119709,C,True,30.0
1820,2026-04-28 16:05:02.662890,D,False,30.0
1821,2026-04-28 16:05:57.683376,E,False,30.0
1822,2026-04-28 16:06:40.800252,A,True,30.0
1821,2026-04-28 16:07:18.441116,A,True,30.0
1823,2026-04-28 16:08:01.786843,C,True,30.0
1824,2026-04-28 16:08:47.664341,D,True,30.0
1825,2026-04-28 16:09:47.818303,B,True,30.0
1826,2026-04-28 16:10:14.221060,C,True,30.0
1827,2026-04-28 16:10:56.158310,A,False,30.0
1828,2026-04-28 16:11:53.064064,D,True,30.0
1830,2026-04-28 16:13:35.397632,D,False,30.0
1832,2026-04-28 16:15:16.112483,C,True,30.0
1833,2026-04-28 16:15:54.689209,E,False,30.0
1833,2026-04-28 16:18:46.157414,B,True,30.0
1834,2026-04-28 16:19:11.325845,B,True,30.0
1835,2026-04-28 16:19:50.349920,D,True,30.0
1836,2026-04-28 16:21:32.904380,D,False,30.0
1837,2026-04-28 16:22:17.090333,D,True,30.0
1839,2026-04-28 16:22:50.643346,B,False,30.0
1840,2026-04-28 16:23:43.554611,D,False,30.0
1841,2026-04-28 16:24:45.715846,E,True,30.0
1838,2026-04-28 16:24:59.684492,C,False,30.0
1842,2026-04-28 16:28:54.302681,D,False,30.0
1844,2026-04-28 16:29:39.300740,D,False,30.0
1846,2026-04-28 16:31:40.483109,D,True,30.0
1847,2026-04-28 16:32:20.870140,C,True,30.0
1848,2026-04-28 16:32:53.567227,E,False,30.0
1849,2026-04-28 16:33:40.662453,D,True,30.0
1688,2026-04-28 16:34:50.395120,A,True,30.0
1253,2026-04-28 19:38:08.339792,D,True,30.0
1688,2026-04-28 19:39:43.982936,A,True,30.0
1621,2026-04-28 19:47:47.458404,B,True,30.0
1578,2026-04-28 19:48:50.290327,A,True,30.0
1688,2026-04-29 16:59:10.745322,A,True,30.0
1253,2026-04-29 17:00:24.314138,D,True,30.0
1850,2026-04-29 17:00:59.495693,A,True,30.0
1851,2026-04-29 17:01:17.422726,C,True,30.0
1852,2026-04-29 17:01:38.337759,B,True,30.0
1853,2026-04-29 17:02:10.961528,B,True,30.0
1854,2026-04-29 17:02:23.393235,C,True,30.0
1855,2026-04-29 17:02:48.444789,A,True,30.0
1856,2026-04-29 17:03:06.104790,A,True,30.0
1857,2026-04-29 17:03:31.968172,C,False,30.0
1688,2026-04-30 10:56:39.115696,A,True,30.0
1500,2026-04-30 10:57:15.837044,C,True,30.0
1501,2026-04-30 10:57:49.807937,C,True,30.0
1503,2026-04-30 11:05:19.806084,C,False,30.0
1504,2026-04-30 11:06:03.788772,C,True,30.0
1412,2026-05-04 11:36:26.039395,B,True,30.0
1688,2026-05-04 11:36:49.224280,A,True,30.0
1253,2026-05-04 11:37:49.238119,D,True,30.0
1627,2026-05-04 11:41:59.953021,D,True,30.0
1318,2026-05-04 11:43:45.717902,D,True,30.0
1420,2026-05-04 11:44:58.963679,E,True,30.0
1738,2026-05-04 11:46:10.176368,E,True,30.0
1218,2026-05-04 11:46:49.357908,E,True,30.0
1423,2026-05-04 11:47:52.138652,A,True,30.0
1494,2026-05-04 11:48:57.597368,B,True,30.0
1684,2026-05-04 11:49:37.591807,C,True,30.0
1532,2026-05-04 11:51:38.872741,D,False,30.0
1398,2026-05-04 11:53:52.040772,B,False,30.0
1661,2026-05-04 11:55:24.699618,D,False,30.0
1649,2026-05-04 11:56:39.740601,A,True,30.0
1688,2026-05-05 19:42:48.896035,A,True,30.0
1688,2026-05-05 19:45:37.717553,A,True,30.0
1412,2026-05-05 20:22:28.778491,A,False,20.0
1688,2026-05-05 20:32:23.327306,A,True,30.0
1597,2026-05-05 20:35:37.983332,C,True,20.0
1005,2026-05-05 20:36:14.293097,A,False,36.0
1270,2026-05-05 20:39:49.191643,A,True,55.0
1278,2026-05-05 20:40:23.174108,D,True,34.0
1770,2026-05-05 20:47:25.081022,E,True,14.0
1269,2026-05-05 20:48:53.245573,D,True,17.0
1534,2026-05-05 20:49:02.202251,A,True,9.0
1776,2026-05-05 20:51:56.141608,E,True,18.0
1676,2026-05-05 20:52:34.238524,A,False,39.0
1771,2026-05-05 20:54:01.861245,D,True,23.0
1501,2026-05-05 20:54:08.104793,A,False,6.0
1553,2026-05-05 20:58:05.060117,A,True,9.0
1441,2026-05-05 20:59:09.227340,C,True,42.0
1373,2026-05-05 20:59:14.308428,A,False,5.0
1441,2026-05-05 20:59:59.650930,C,True,45.0
1441,2026-05-05 21:01:05.364771,C,True,7.0
1341,2026-05-05 21:04:39.795533,E,True,51.0
1341,2026-05-05 21:04:54.692203,E,True,15.0
1279,2026-05-05 21:06:49.449107,E,True,14.0
1572,2026-05-05 21:07:00.772485,D,True,11.0
1205,2026-05-05 21:08:47.660590,A,False,12.0
1620,2026-05-05 21:09:22.122625,A,True,35.0
1735,2026-05-05 21:09:47.127080,A,False,25.0
1692,2026-05-05 22:06:11.474777,B,True,27.0
1734,2026-05-05 22:06:47.222010,B,True,36.0
1580,2026-05-05 22:08:44.629848,B,True,118.0
1448,2026-05-05 22:09:16.223894,C,True,31.0
1348,2026-05-05 22:09:44.192956,C,True,14.0
1241,2026-05-05 22:14:33.728307,E,True,41.0
1828,2026-05-05 22:14:55.537482,D,True,22.0
1839,2026-05-05 22:15:22.105617,D,True,26.0
1623,2026-05-05 22:15:55.093607,A,True,33.0
1512,2026-05-05 22:16:29.028533,A,False,34.0
1771,2026-05-05 22:17:20.095483,D,True,51.0
1566,2026-05-05 22:17:54.168630,B,True,34.0
1581,2026-05-05 22:18:12.516309,A,True,19.0
1025,2026-05-05 22:18:56.570806,D,False,44.0
1202,2026-05-05 22:19:37.374792,B,True,41.0
1817,2026-05-05 22:19:49.606957,C,True,12.0
1235,2026-05-05 22:20:11.314350,B,True,22.0
1676,2026-05-05 22:20:34.246364,C,True,22.0
1418,2026-05-05 22:29:44.024104,E,True,11.0
1152,2026-05-06 16:30:20.248219,C,True,21.0
1736,2026-05-06 16:30:50.470623,E,True,30.0
1815,2026-05-06 16:31:33.050696,B,True,43.0
1324,2026-05-06 16:31:57.054571,A,False,24.0
1447,2026-05-06 16:33:01.909996,E,True,65.0
1195,2026-05-06 16:33:29.712909,B,True,27.0
1374,2026-05-06 16:33:58.082401,B,False,29.0
1655,2026-05-06 16:34:48.171235,D,True,50.0
1187,2026-05-06 16:35:05.802892,A,True,17.0
1262,2026-05-06 16:35:37.477066,D,False,32.0
1386,2026-05-06 16:36:04.512289,A,False,27.0
1387,2026-05-06 16:36:33.293551,C,False,29.0
1760,2026-05-06 16:37:03.407552,C,True,30.0
1845,2026-05-06 16:38:15.081751,C,False,72.0
1560,2026-05-06 16:38:39.064780,D,False,24.0
1347,2026-05-06 16:47:24.356358,D,True,0.0
1417,2026-05-06 16:48:03.451416,D,True,0.0
1731,2026-05-06 16:48:47.399039,E,False,0.0
1074,2026-05-06 16:49:40.785667,D,True,0.0
1024,2026-05-06 16:50:18.858966,B,True,0.0
1454,2026-05-06 16:50:43.903709,A,True,0.0
1462,2026-05-06 16:51:05.694090,D,False,0.0
1028,2026-05-06 16:52:12.421527,B,True,0.0
1739,2026-05-06 16:53:50.457478,E,False,0.0
1741,2026-05-06 16:54:27.385589,E,True,0.0
1511,2026-05-06 16:54:53.549817,C,True,0.0
1498,2026-05-06 16:55:16.152928,E,True,0.0
1497,2026-05-06 16:55:34.189382,D,False,0.0
1679,2026-05-06 16:56:44.644423,A,True,0.0
1272,2026-05-06 16:57:26.440752,A,False,0.0
1616,2026-05-06 16:57:51.561442,A,True,0.0
1173,2026-05-06 16:58:39.405763,B,True,0.0
1712,2026-05-06 16:59:06.808434,B,True,0.0
1625,2026-05-06 16:59:40.541896,B,True,0.0
1730,2026-05-06 17:00:24.664092,D,True,0.0
1628,2026-05-06 17:00:44.806521,C,True,0.0
1007,2026-05-06 17:01:30.886457,D,False,0.0
1759,2026-05-06 17:02:22.903257,A,False,0.0
1174,2026-05-06 17:03:30.584122,C,True,0.0
1210,2026-05-06 17:03:51.682186,A,False,0.0
1743,2026-05-06 17:04:27.260107,C,True,0.0
1744,2026-05-06 17:05:12.940710,B,False,0.0
1651,2026-05-06 17:05:45.820871,A,True,0.0
1499,2026-05-06 17:11:21.827971,B,True,46.0
1678,2026-05-06 17:13:42.564893,D,True,42.0
1683,2026-05-06 17:18:20.585401,A,False,85.0
1326,2026-05-06 17:20:35.529868,E,False,49.0
1754,2026-05-06 17:21:37.820225,D,True,32.0
1665,2026-05-06 17:22:05.801801,C,True,23.0
1755,2026-05-06 17:22:28.845161,B,True,20.0
1095,2026-05-06 17:24:09.283372,B,True,97.0
1736,2026-05-06 17:24:32.738509,E,True,20.0
1309,2026-05-06 17:25:40.282232,B,True,25.0
1253,2026-05-09 21:02:27.956145,D,True,74.0
1260,2026-05-09 21:08:11.373253,B,True,49.0
1412,2026-05-09 21:11:37.246357,B,True,30.0
1419,2026-05-09 21:14:22.750561,D,False,30.0
1407,2026-05-09 21:23:13.802568,D,True,94.0
1569,2026-05-09 21:23:50.543400,A,False,30.0
1569,2026-05-09 21:29:07.170388,A,False,15.0
1569,2026-05-09 21:30:27.894294,A,False,18.0
1685,2026-05-09 21:34:15.043086,B,True,30.0
1267,2026-05-09 21:35:51.565237,C,True,90.0
1236,2026-05-09 21:36:13.489891,E,True,15.0
1274,2026-05-09 21:37:03.528213,D,True,24.0
1240,2026-05-09 21:37:24.273851,B,True,16.0
1242,2026-05-09 21:38:18.709609,C,True,29.0
1561,2026-05-09 21:38:44.332519,B,True,20.0
1351,2026-05-09 21:39:21.489475,C,True,24.0
1525,2026-05-09 21:40:23.600742,E,False,24.0
1289,2026-05-09 21:41:19.007897,B,True,31.0
1265,2026-05-09 21:42:54.564239,A,True,52.0
1268,2026-05-09 21:43:28.041715,A,True,27.0
1179,2026-05-11 09:28:29.795822,A,True,18.0
1672,2026-05-11 10:26:30.522350,A,True,30.0
1610,2026-05-11 10:26:57.197687,E,True,21.0
1064,2026-05-11 10:27:25.916572,C,True,24.0
1213,2026-05-11 10:28:33.256176,D,True,27.0
1016,2026-05-11 10:30:17.149156,B,False,30.0
1762,2026-05-11 10:32:59.833612,E,False,50.0
1018,2026-05-11 10:34:20.671948,C,False,42.0
1535,2026-05-11 10:39:23.180456,D,False,34.0
1719,2026-05-11 10:39:59.971993,A,False,20.0
1320,2026-05-11 10:40:32.683656,B,True,21.0
1220,2026-05-11 10:43:49.648688,A,True,95.0
1476,2026-05-11 10:44:37.740666,C,False,43.0
1358,2026-05-11 10:45:39.971734,B,False,17.0
1554,2026-05-11 10:46:18.564383,A,True,21.0
1393,2026-05-11 10:46:52.628747,B,True,29.0
1728,2026-05-11 10:48:33.209151,E,True,44.0
1307,2026-05-11 10:49:14.080204,B,True,35.0
1243,2026-05-11 10:49:59.659701,A,True,25.0
1124,2026-05-11 10:50:29.744884,B,False,24.0
1850,2026-05-13 12:30:57.392280,A,True,30.0
1886,2026-05-13 15:43:01.868777,A,True,38.0
1887,2026-05-13 15:43:32.286212,C,True,31.0
1888,2026-05-13 15:43:51.973457,A,True,19.0
1889,2026-05-13 15:45:14.541374,C,True,23.0
1881,2026-05-13 16:00:21.497922,A,True,30.0
1867,2026-05-13 16:01:02.536755,A,True,29.0
1880,2026-05-13 16:01:33.153005,D,True,25.0
1879,2026-05-13 16:02:00.535911,A,True,20.0
1878,2026-05-13 16:02:26.831530,C,True,18.0
1865,2026-05-13 16:02:55.297186,A,True,23.0
1866,2026-05-13 16:03:18.496067,A,True,17.0
1877,2026-05-13 16:03:43.004813,B,True,19.0
1868,2026-05-13 16:04:07.056854,A,True,19.0
1864,2026-05-13 16:04:35.897474,A,True,23.0
1876,2026-05-13 16:07:50.816551,A,True,30.0
1872,2026-05-13 16:08:33.403297,C,True,24.0
1930,2026-05-13 16:16:18.707903,A,True,30.0
1875,2026-05-13 17:48:02.995561,A,True,56.0
1871,2026-05-13 17:48:29.920837,B,True,22.0
1885,2026-05-13 17:48:57.790837,C,True,22.0
1884,2026-05-13 17:49:23.870262,A,True,20.0
1883,2026-05-13 17:53:23.301474,A,True,30.0
1870,2026-05-13 18:03:13.971696,A,True,17.0
1861,2026-05-13 18:03:38.533997,A,False,19.0
1873,2026-05-13 18:04:31.400934,A,True,19.0
1874,2026-05-13 18:04:55.909519,B,True,18.0
1863,2026-05-13 18:05:16.305572,A,False,15.0
1862,2026-05-13 19:22:16.099239,B,True,16
1860,2026-05-13 19:34:13.833390,B,True,40
1861,2026-05-13 19:34:43.913847,B,True,15
1863,2026-05-13 19:38:41.214822,B,True,49
1869,2026-05-13 19:39:10.542423,B,True,24
1882,2026-05-13 19:39:39.748296,A,True,21
1501,2026-05-13 19:47:40.127809,C,True,49
1501,2026-05-13 19:47:48.333941,C,True,58
1501,2026-05-13 18:50:35.642144,C,True,17
1501,2026-05-13 18:52:26.718613,C,True,8
1974,2026-05-13 18:53:35.020086,C,False,76
1501,2026-05-13 18:54:42.914223,C,True,21
1501,2026-05-13 18:57:16.021500,C,True,7
1501,2026-05-13 19:03:29.725876,C,True,11
1501,2026-05-13 19:05:08.806539,C,True,7
1501,2026-05-13 19:18:07.941698,C,True,33
1929,2026-05-13 19:19:27.901198,B,True,27
1880,2026-05-13 19:19:47.413909,D,True,14
1881,2026-05-13 19:20:17.126069,A,True,14
1968,2026-05-13 19:20:31.928768,B,True,10
1851,2026-05-13 19:26:06.175173,C,True,45
1005,2026-05-13 19:26:43.698108,A,False,28
1825,2026-05-13 19:27:31.217025,B,True,23
1012,2026-05-13 19:28:20.094472,C,True,36
1876,2026-05-13 19:30:35.755897,A,True,21
1068,2026-05-13 19:31:26.756102,C,True,39
1848,2026-05-13 19:51:05.899248,E,False,44
1788,2026-05-13 19:53:38.786027,E,True,197
1848,2026-05-13 19:54:02.417358,A,True,18
1836,2026-05-13 19:55:16.425666,B,True,70
1162,2026-05-13 19:57:00.945821,C,True,174
1868,2026-05-13 19:59:38.982082,A,True,31
1412,2026-05-13 20:02:20.516029,E,False,24
1876,2026-05-13 20:04:04.144577,A,True,14
1876,2026-05-13 20:05:43.012135,A,True,14
1011,2026-05-13 20:10:14.631359,A,False,286
2000,2026-05-14 12:21:59.008094,D,True,35
2001,2026-05-14 12:22:59.404096,D,True,95
2002,2026-05-14 12:23:34.418603,D,True,30
2003,2026-05-14 12:24:08.232650,A,True,64
2004,2026-05-14 12:25:09.927952,B,True,125
2005,2026-05-14 12:25:44.285272,A,True,30
2006,2026-05-14 12:26:20.702871,A,True,30
2007,2026-05-14 12:26:51.175673,A,True,61
2008,2026-05-14 12:27:28.100127,A,True,98
2009,2026-05-14 12:30:38.324504,A,False,185
2010,2026-05-14 12:31:55.102907,B,False,47
1658,2026-05-15 09:23:05.944386,C,False,511
2040,2026-05-15 09:31:30.524762,A,False,148
2043,2026-05-15 09:33:42.468249,E,False,64
2037,2026-05-15 09:35:44.543040,A,False,72
2016,2026-05-15 09:43:56.852596,B,False,83
2030,2026-05-15 09:45:10.265759,D,False,38
2014,2026-05-15 09:46:30.051429,D,True,61
2043,2026-05-15 09:51:23.919240,A,True,16
2043,2026-05-15 09:53:16.003511,E,True,128
2035,2026-05-15 09:55:46.320600,B,True,92
2017,2026-05-15 09:58:07.482237,A,True,101
2025,2026-05-15 09:59:13.972531,B,True,47
2013,2026-05-15 10:09:47.092113,D,True,627
2015,2026-05-15 10:10:22.189119,A,False,29
2021,2026-05-15 10:11:13.573237,D,True,43
2022,2026-05-15 10:11:31.042997,B,True,11
2023,2026-05-15 10:12:53.864281,C,True,73
2024,2026-05-15 10:14:10.201460,D,True,48
2026,2026-05-15 10:14:56.428177,A,True,41
2027,2026-05-15 10:15:59.696062,D,False,34
2032,2026-05-15 10:16:56.578411,A,True,23
2033,2026-05-15 10:17:24.381998,A,True,23
2036,2026-05-15 10:18:09.868495,A,True,29
2039,2026-05-15 10:19:06.907001,A,True,53
2034,2026-05-15 10:20:14.018490,B,True,62
2011,2026-05-15 13:19:13.766659,B,False,54
2042,2026-05-15 13:20:27.349354,C,True,44
2041,2026-05-15 13:21:01.814993,C,True,28
2031,2026-05-15 13:21:41.509474,C,True,30
2029,2026-05-15 13:22:16.947076,C,True,29
2028,2026-05-15 13:22:48.967613,B,True,20
2020,2026-05-15 13:31:33.260337,B,True,517
2019,2026-05-15 13:32:53.577332,C,True,38
2018,2026-05-15 15:15:06.735597,B,True,32
2038,2026-05-15 15:15:33.401240,D,True,20
2044,2026-05-15 15:16:33.888311,B,False,37
2012,2026-05-15 15:16:55.301708,D,True,12
1436,2026-05-15 15:19:14.715925,E,False,135
1662,2026-05-15 20:18:53.865372,E,False,49
1662,2026-05-15 20:23:45.939457,E,True,22
1310,2026-05-15 20:24:57.571309,B,True,40
1233,2026-05-15 20:25:18.381477,A,True,14
1004,2026-05-15 20:26:46.546016,B,True,82
1138,2026-05-15 20:27:38.934927,A,True,46
1020,2026-05-15 20:28:15.645725,C,True,27
1003,2026-05-15 20:28:41.005805,B,False,20
1717,2026-05-15 20:30:34.940919,E,True,17
1144,2026-05-15 21:47:09.052541,A,False,4588
1349,2026-05-15 21:47:56.121104,B,True,29
1674,2026-05-15 21:50:05.075625,A,True,122
1316,2026-05-15 21:52:34.920965,B,True,56
1710,2026-05-15 21:53:11.065597,A,False,28
1379,2026-05-15 21:54:47.012600,E,True,26
1437,2026-05-15 22:10:53.333379,C,True,130
1422,2026-05-15 22:13:30.056526,C,False,149
1375,2026-05-18 13:07:29.478237,E,False,65
1703,2026-05-18 13:13:08.287206,C,True,34
1380,2026-05-18 13:19:09.079131,B,True,42
1390,2026-05-18 13:22:48.962183,B,False,49
1398,2026-05-18 13:24:47.628877,B,False,28
1411,2026-05-18 13:28:30.400301,C,True,41
1205,2026-05-18 13:29:21.909149,D,True,38
1086,2026-05-18 13:31:12.721205,B,True,97
1419,2026-05-18 13:33:10.385242,C,True,78
1422,2026-05-18 13:34:02.921261,A,True,39
1229,2026-05-18 13:37:15.201883,D,False,27
1452,2026-05-18 13:38:48.949919,B,False,8
1458,2026-05-18 13:41:38.039284,B,False,25
1271,2026-05-21 10:22:08.449880,A,True,50
1463,2026-05-22 11:51:22.933511,C,True,134
1544,2026-05-22 11:52:44.919958,C,True,36
1520,2026-05-22 11:53:46.965784,C,True,41
1484,2026-05-22 11:54:22.767991,A,False,30
1439,2026-05-22 11:56:20.955308,C,True,25
1256,2026-05-22 11:57:02.894610,A,True,33
1322,2026-05-22 11:58:16.689502,B,False,54
1521,2026-05-22 11:59:23.734689,E,False,33
1711,2026-05-22 12:02:11.217021,C,True,27
1381,2026-05-22 12:02:37.035052,B,False,21
1631,2026-05-22 12:04:25.376012,C,True,22
1306,2026-05-22 12:04:39.196133,C,True,9
1523,2026-05-22 12:05:19.062681,A,False,35
1548,2026-05-22 12:06:48.670541,D,True,23
1377,2026-05-22 12:07:35.313560,A,False,35
1573,2026-05-22 22:21:55.056508,A,True,35
1607,2026-05-22 22:22:23.179513,D,False,23
1586,2026-05-22 22:24:34.357213,D,False,32
1596,2026-05-22 22:27:19.524070,B,True,65
1602,2026-05-22 22:28:07.620285,B,True,38
1682,2026-05-22 22:29:24.639703,D,False,65
1149,2026-05-22 22:30:46.393678,C,False,51
1613,2026-05-22 22:32:19.492949,D,False,31
1671,2026-05-22 22:33:12.392698,A,True,38
1626,2026-05-22 22:33:47.085436,C,True,23
1654,2026-05-22 22:34:29.313803,A,False,35
1697,2026-05-22 22:36:06.308701,A,False,24
1543,2026-05-22 22:37:46.171708,D,False,45
1478,2026-05-22 22:39:28.475204,D,True,34
1127,2026-05-22 22:40:10.032074,B,False,36
2040,2026-05-22 22:48:18.940627,D,True,122
1381,2026-05-22 22:48:56.846976,D,True,25
1759,2026-05-22 22:49:42.520736,A,True,71
1744,2026-05-22 22:52:12.353728,E,False,221
1744,2026-05-22 22:53:02.102332,D,True,270
1005,2026-05-22 22:53:32.220389,A,False,300
1559,2026-05-22 22:59:22.725776,B,True,69
1367,2026-05-22 22:59:48.503185,A,False,19
1704,2026-05-22 23:00:57.514905,E,False,29
1713,2026-05-22 23:02:40.283560,D,False,39
1051,2026-05-22 23:05:27.565257,B,False,70
1650,2026-05-22 23:06:12.994563,B,True,37
1539,2026-05-22 23:06:38.681335,E,False,21
1702,2026-05-22 23:07:21.499476,A,False,36
1311,2026-05-22 23:07:51.197106,D,True,17
1526,2026-05-22 23:11:35.016944,B,True,47
1744,2026-05-22 23:18:05.156340,D,True,154
1367,2026-05-22 23:18:21.326327,E,True,7
1084,2026-05-23 13:38:16.609803,C,False,50
1477,2026-05-23 13:40:57.019331,D,False,57
1640,2026-05-23 13:44:45.370252,C,True,52
1440,2026-05-23 13:45:09.884316,C,False,17
1606,2026-05-23 13:46:21.916354,C,True,20
1370,2026-05-23 13:47:09.211466,A,False,14
1378,2026-05-23 13:48:51.608081,C,False,23
1385,2026-05-23 13:50:34.816005,A,True,27
1394,2026-05-23 13:51:17.345275,D,True,35
1321,2026-05-23 13:52:20.226754,A,False,56
1246,2026-05-23 13:54:04.026172,A,True,32
1258,2026-05-23 13:55:04.452188,D,False,54
1069,2026-05-23 13:58:19.961500,C,True,8
1072,2026-05-23 13:58:37.757160,D,True,11
1332,2026-05-23 13:59:44.064639,B,False,60
1502,2026-05-23 14:01:25.141197,C,True,39
1508,2026-05-23 14:02:12.483679,C,True,42
1654,2026-05-23 14:03:57.346061,B,True,34
1386,2026-05-23 14:11:41.981637,A,False,325
1477,2026-05-23 14:14:26.986885,C,True,77
1149,2026-05-23 14:16:47.114096,B,True,58
1713,2026-05-23 14:17:08.653880,C,True,17
1704,2026-05-23 14:17:25.189554,B,True,12
1084,2026-05-23 14:17:56.406985,E,True,27
1697,2026-05-23 16:48:42.657530,B,True,9041
1682,2026-05-23 16:56:39.902456,A,True,472
1127,2026-05-23 16:57:19.813812,B,False,35
1613,2026-05-23 16:58:21.878301,B,True,11
1607,2026-05-23 16:59:02.339406,B,True,36
1586,2026-05-23 16:59:19.143647,C,True,10
1543,2026-05-23 16:59:48.375235,B,True,25
1443,2026-05-23 17:01:59.491533,D,False,125
1334,2026-05-23 17:04:46.976285,C,False,45
1143,2026-05-23 17:07:18.896273,A,True,69
1330,2026-05-23 17:07:46.038772,C,True,23
1537,2026-05-23 17:15:58.267504,A,False,487
1536,2026-05-23 17:19:39.858298,B,False,32
1301,2026-05-23 17:22:33.905956,B,True,46
1115,2026-05-23 17:22:46.635412,B,True,8
1608,2026-05-23 17:23:25.342134,A,True,34
1450,2026-05-23 17:30:53.639150,E,False,368
1527,2026-05-23 17:33:12.915223,D,True,16
1165,2026-05-23 17:34:09.525047,A,True,47
1376,2026-05-23 17:34:29.963733,C,True,16
1433,2026-05-23 17:34:58.480880,D,False,24
1509,2026-05-23 17:36:54.521569,C,True,47
1947,2026-05-23 17:37:37.417346,B,False,38
1970,2026-05-23 17:39:38.881894,A,True,37
1965,2026-05-23 17:40:12.981163,C,True,30
1955,2026-05-23 17:40:30.515760,A,True,13
1127,2026-05-23 17:50:06.843840,B,False,286
1636,2026-05-25 13:40:06.307260,C,True,76
1897,2026-05-25 13:40:49.975042,A,False,120
1532,2026-05-25 14:01:44.744160,D,False,71
1532,2026-05-25 14:11:24.663804,B,True,41
1001,2026-05-25 14:15:38.018809,C,True,102
1006,2026-05-25 14:16:48.028186,B,True,172
1009,2026-05-25 14:17:45.768996,C,True,229
1010,2026-05-25 14:20:08.340137,D,True,372
1013,2026-05-25 14:20:50.585905,A,True,414
1017,2026-05-25 16:06:28.131203,D,True,6752
1015,2026-05-25 16:07:28.700861,B,True,6812
1021,2026-05-25 16:08:13.008228,E,True,6857
1034,2026-05-25 16:09:31.837981,E,True,6935
1026,2026-05-25 16:10:46.357519,E,True,70
1058,2026-05-25 16:11:38.697122,B,True,122
1061,2026-05-25 16:12:35.577063,D,True,53
1066,2026-05-25 20:40:29.616035,C,True,15955
1070,2026-05-25 20:41:56.245655,A,True,16042
1073,2026-05-25 20:46:11.729296,B,True,70
1007,2026-05-25 20:47:36.910091,B,True,156
1078,2026-05-25 20:49:10.685337,A,True,249
1081,2026-05-25 20:49:59.506608,D,True,44
1085,2026-05-25 20:50:46.984420,B,True,92
1091,2026-05-25 20:51:27.201769,D,True,36
1094,2026-05-25 20:51:56.501098,D,True,65
1820,2026-05-25 20:53:44.136136,E,True,172
1532,2026-05-25 20:54:52.817665,B,True,241
1102,2026-05-25 20:56:34.450814,A,True,343
1119,2026-05-25 20:57:53.695033,A,True,422
1120,2026-05-25 20:58:24.331443,B,True,25
1122,2026-05-25 20:59:43.336969,D,True,104
2025,2026-05-26 13:24:24.583581,B,True,68
2026,2026-05-26 13:25:02.651932,A,True,106
2027,2026-05-26 13:26:16.741826,B,True,69
2028,2026-05-26 13:26:58.841403,B,True,37
2045,2026-05-26 13:31:38.698603,E,False,61
2046,2026-05-26 13:53:25.554448,B,True,1368
2047,2026-05-26 13:58:45.192773,C,True,1688
2048,2026-05-26 13:59:18.628349,A,True,1721
2049,2026-05-26 15:18:18.325440,D,True,64
1023,2026-05-26 16:23:46.568712,D,True,41
1027,2026-05-26 16:30:05.811555,B,True,102
1029,2026-05-26 16:32:18.106740,C,True,235
1126,2026-05-26 17:57:35.743951,A,True,5352
1123,2026-05-26 17:58:50.836782,D,True,70
1128,2026-05-26 17:59:27.907009,D,True,32
1130,2026-05-26 18:00:20.100564,C,True,85
1131,2026-05-26 18:00:53.318650,D,True,118
1134,2026-05-26 18:01:39.092755,E,True,41
1139,2026-05-26 18:07:40.069458,B,True,402
1145,2026-05-26 18:08:14.156078,A,True,436
1147,2026-05-26 18:08:56.165783,C,True,37
2051,2026-05-26 18:13:39.705003,D,True,321
2052,2026-05-26 18:15:25.031789,C,True,426
2053,2026-05-26 18:16:12.221397,C,False,473
2055,2026-05-26 18:19:51.690997,B,True,693
2056,2026-05-26 18:22:32.572783,D,False,854
2057,2026-05-26 18:25:35.940917,D,False,1037
2058,2026-05-26 18:28:43.034530,B,True,1224
2059,2026-05-26 18:29:31.627962,C,True,1273
2060,2026-05-26 18:31:42.082676,D,True,1403
2088,2026-05-26 18:36:13.566696,A,True,72
2072,2026-05-26 19:07:24.580083,B,True,1862
2061,2026-05-27 13:26:41.351771,A,False,53
2062,2026-05-27 13:29:30.648463,A,True,45
2063,2026-05-27 13:30:21.178372,A,True,95
2064,2026-05-27 13:31:29.595297,D,True,164
2065,2026-05-27 13:33:42.948016,C,True,297
2067,2026-05-27 13:35:54.872328,C,True,429
2068,2026-05-27 13:36:42.773888,C,True,477
2069,2026-05-27 13:37:34.804595,B,True,529
2070,2026-05-27 13:39:09.323595,E,True,623
2071,2026-05-27 14:42:06.559789,D,True,92
2072,2026-05-27 14:42:50.123248,B,True,135
2073,2026-05-27 14:43:20.113682,B,False,165
2074,2026-05-27 14:46:24.385650,B,False,349
2075,2026-05-27 14:47:30.590162,A,True,25
2076,2026-05-27 14:48:25.160719,A,False,79
2077,2026-05-27 14:50:43.969591,C,True,218
2078,2026-05-27 14:51:43.955760,C,True,278
2080,2026-05-27 14:52:47.063995,D,True,341
2081,2026-05-27 14:53:54.952874,A,True,409
2082,2026-05-27 14:54:45.517964,D,True,460
2083,2026-05-27 15:30:03.830936,B,False,2578
2084,2026-05-27 15:31:37.557237,B,True,2672
2085,2026-05-27 15:32:35.035685,D,False,2729
2086,2026-05-27 15:38:43.921374,C,True,42
2087,2026-05-27 15:40:12.165315,B,True,130
2088,2026-05-27 15:40:53.627484,A,True,172
2089,2026-05-27 15:41:25.231290,C,False,203
2050,2026-05-27 15:50:13.075431,A,False,731
2054,2026-05-27 15:54:24.309477,A,True,28
2066,2026-05-27 15:56:18.299068,B,True,142
2079,2026-05-27 15:56:50.871225,C,True,174
1153,2026-05-27 16:02:07.703482,B,True,491
1155,2026-05-27 16:56:23.010868,B,False,3746
1158,2026-05-27 16:57:45.873149,C,True,3829
1164,2026-05-27 17:00:52.549956,A,True,4016
1166,2026-05-27 17:02:21.452410,C,True,4105
1167,2026-05-27 17:04:09.018973,C,True,4212
1168,2026-05-27 17:07:39.846965,D,True,4423
1175,2026-05-27 17:08:31.867631,C,True,4475
1356,2026-05-27 17:10:11.438387,A,True,4575
1186,2026-05-27 22:12:38.030972,A,True,56
1198,2026-05-27 22:13:53.263450,A,True,131
1201,2026-05-27 22:14:37.696500,A,True,38
1203,2026-05-27 22:15:11.454968,D,True,72
1204,2026-05-27 22:15:56.435179,B,True,40
1208,2026-05-27 22:16:28.336378,A,True,71
1212,2026-05-27 22:17:10.902429,D,True,114
1214,2026-05-27 22:18:06.159127,C,True,49
1222,2026-05-27 22:18:57.598805,A,False,101
1226,2026-05-27 22:19:57.885137,D,True,161
1230,2026-05-27 22:20:37.966481,D,True,201
1247,2026-05-27 22:21:23.657701,A,True,247
1257,2026-05-27 22:22:22.583842,C,True,306
1910,2026-05-27 22:25:21.484790,A,True,485
1362,2026-05-27 22:27:57.684488,D,True,56
1556,2026-05-27 22:29:00.829465,C,True,119
1720,2026-05-27 22:33:19.279104,C,True,124
1006,2026-05-27 22:34:56.136675,B,True,221
1611,2026-05-27 22:39:41.948754,A,True,507
1391,2026-05-27 22:56:35.534438,B,True,49
1295,2026-05-27 22:59:50.331997,B,True,47
1972,2026-05-28 09:37:59.327322,B,True,58
1266,2026-05-28 09:40:09.392433,E,True,188
1285,2026-05-28 09:40:54.216311,B,True,233
1288,2026-05-28 14:45:28.175507,C,True,43
1292,2026-05-28 14:46:31.382635,E,True,106
1296,2026-05-28 14:49:08.446537,D,True,263
1300,2026-05-28 14:51:14.183902,A,True,37
1005,2026-05-28 14:52:56.506881,B,True,139
1314,2026-05-28 14:54:33.689182,A,True,236
1315,2026-05-28 14:55:11.978074,C,True,274
1317,2026-05-28 15:11:39.070164,A,True,118
1319,2026-05-28 15:13:52.282189,B,True,251
1328,2026-05-28 15:16:46.440734,E,True,425
1338,2026-05-28 15:18:40.551511,B,True,539
1340,2026-05-28 15:19:50.095770,C,True,609
1350,2026-05-28 15:20:54.196953,D,True,673
1352,2026-05-28 15:22:26.662914,C,True,766
1354,2026-05-28 15:23:06.851561,B,True,806
1364,2026-05-28 15:24:04.775109,E,True,864
1365,2026-05-28 15:25:05.363960,A,False,924
1368,2026-05-28 15:28:28.066681,B,False,1127
1388,2026-05-28 15:32:44.841616,D,True,1384
1369,2026-05-28 15:41:16.440031,D,True,1895
1397,2026-05-28 15:50:52.621590,D,True,2471
1405,2026-05-28 15:52:06.000787,D,True,2545
1410,2026-05-28 15:52:37.479764,D,True,13
1429,2026-05-28 15:53:50.220226,C,True,86
1432,2026-05-28 16:03:04.349997,D,True,22
1449,2026-05-28 16:04:13.503468,C,True,91
1465,2026-05-28 16:06:35.357002,C,True,233
1467,2026-05-28 16:07:01.004088,C,True,259
1725,2026-05-28 16:08:57.316349,E,True,375
1469,2026-05-28 21:03:14.035848,C,True,44
1475,2026-05-28 21:03:49.264063,D,True,28
1485,2026-05-28 21:04:54.827595,C,True,93
1487,2026-05-28 21:05:46.530110,D,True,145
1489,2026-05-28 21:06:38.651302,D,True,197
1642,2026-05-29 09:11:43.452672,C,True,48
1368,2026-05-29 09:44:25.953831,A,False,34
1412,2026-05-29 14:42:56.549584,B,True,81
1897,2026-05-29 14:57:00.157002,A,False,185
1412,2026-05-29 14:59:31.483674,B,True,29
1627,2026-05-29 15:01:04.045079,D,True,86
1683,2026-05-29 15:34:40.485423,B,False,70
1525,2026-05-29 15:37:52.234107,E,False,32
1497,2026-05-29 15:40:15.867743,D,False,17
1371,2026-05-29 15:44:07.351650,A,False,139
1374,2026-05-29 15:47:16.106768,E,True,37
1375,2026-05-29 15:48:26.073142,B,True,63
1762,2026-05-29 15:50:51.879153,E,False,99
1710,2026-05-29 15:53:41.041537,D,True,41
1436,2026-05-29 15:57:06.558611,C,True,201
1535,2026-05-29 16:00:28.384657,C,False,41
1739,2026-05-29 16:09:13.693501,D,True,167
1784,2026-05-29 16:15:19.585187,C,False,302
1127,2026-05-29 16:21:30.871037,B,False,219
1390,2026-05-29 17:01:39.146263,D,False,2330
1719,2026-06-01 16:06:09.115250,B,True,53
1583,2026-06-02 10:21:22.213392,C,True,111
1635,2026-06-02 10:21:40.997479,B,True,13
1510,2026-06-02 10:22:20.668590,E,True,23
1100,2026-06-02 10:23:15.815700,B,False,47
1327,2026-06-02 10:42:37.340653,E,True,33
1263,2026-06-02 10:43:02.284270,D,True,18
1932,2026-06-02 10:43:51.369718,A,True,67
1552,2026-06-02 10:45:13.659792,A,True,149
1924,2026-06-02 10:45:36.511751,B,True,172
1681,2026-06-02 10:47:49.970876,D,True,306
1898,2026-06-02 10:50:28.325495,A,True,72
1701,2026-06-02 10:51:27.680215,B,True,132
1934,2026-06-02 10:52:03.358252,A,True,167
1693,2026-06-02 10:52:44.676118,D,False,209
1892,2026-06-02 10:53:38.528953,C,True,263
1100,2026-06-02 10:55:30.431097,C,True,14
1693,2026-06-02 10:55:49.565019,B,True,13
2134,2026-06-02 14:51:20.934710,A,True,40
2090,2026-06-02 14:53:42.402129,C,True,181
2091,2026-06-02 14:54:47.531776,E,True,246
2092,2026-06-02 14:55:50.911723,B,True,310
2093,2026-06-02 15:10:22.322129,E,True,111
2094,2026-06-02 15:10:59.174495,C,True,148
2095,2026-06-02 15:13:10.662552,D,True,279
2096,2026-06-02 15:14:55.532419,B,True,96
2097,2026-06-02 15:17:45.546694,C,True,12
2098,2026-06-02 15:27:19.433662,D,True,63
2099,2026-06-02 15:32:05.221657,D,True,348
2108,2026-06-02 15:36:47.738932,A,True,56
2100,2026-06-02 15:41:31.882782,D,True,340
2101,2026-06-02 15:42:19.193071,B,True,388
2102,2026-06-02 15:43:52.817749,B,True,481
2103,2026-06-02 15:45:01.468035,D,True,550
2104,2026-06-02 15:48:14.805475,B,True,743
2105,2026-06-02 15:51:29.294379,D,True,157
2106,2026-06-03 10:38:43.407818,A,True,44
2107,2026-06-03 10:39:18.679920,C,True,79
2108,2026-06-03 10:39:50.591802,A,True,111
2109,2026-06-03 10:53:25.463658,C,True,491
2110,2026-06-03 10:54:25.226602,A,True,551
2111,2026-06-03 11:07:21.387227,B,True,1327
2112,2026-06-03 11:07:45.548243,A,True,1352
2113,2026-06-03 11:16:15.484638,A,True,1861
2114,2026-06-03 11:35:28.087307,C,True,39
2115,2026-06-03 13:42:43.857128,D,True,25
2116,2026-06-03 13:43:13.487404,C,True,55
2117,2026-06-03 13:43:42.159794,C,True,84
2118,2026-06-03 14:36:34.937417,D,True,3257
2119,2026-06-03 15:35:02.764120,C,True,73
2120,2026-06-03 15:36:38.337932,D,False,169
2121,2026-06-03 15:40:15.385656,A,False,386
2122,2026-06-03 17:17:26.223282,D,True,6217
2123,2026-06-03 17:18:40.803300,C,True,6291
2124,2026-06-03 20:59:34.831994,D,False,131
2125,2026-06-03 21:04:34.182303,B,True,430
2126,2026-06-04 09:39:47.613024,A,True,56
2127,2026-06-04 09:40:19.673732,A,True,88
2128,2026-06-04 09:40:48.700894,D,True,117
2129,2026-06-04 09:41:24.868368,D,True,153
2130,2026-06-04 09:41:52.564350,C,True,181
2131,2026-06-04 09:42:32.451752,D,False,221
2132,2026-06-04 09:44:33.723260,A,False,342
2133,2026-06-04 09:48:17.871800,C,True,566
2134,2026-06-04 09:48:45.930111,A,True,594
2120,2026-06-04 10:17:24.755162,A,True,37
2121,2026-06-04 10:18:56.582692,C,True,84
1192,2026-06-04 10:25:30.072377,C,True,361
2124,2026-06-04 11:44:12.952784,C,False,78
2131,2026-06-04 11:46:01.164707,C,True,13
2132,2026-06-04 11:47:15.608441,D,True,65
2121,2026-06-04 11:47:42.106600,C,True,20
2120,2026-06-04 11:48:19.565166,A,True,30
1668,2026-06-04 12:00:15.305892,A,True,29
1002,2026-06-04 12:00:38.943791,E,True,53
1550,2026-06-04 12:01:04.662492,B,True,79
1547,2026-06-04 12:01:36.038402,A,True,110
1245,2026-06-04 12:02:03.849742,B,True,138
1690,2026-06-04 12:02:33.103612,C,True,167
1190,2026-06-04 12:02:53.698715,C,True,188
1346,2026-06-04 12:03:13.733117,D,True,208
1709,2026-06-04 14:47:03.349057,B,True,41
1752,2026-06-04 14:47:43.337768,A,True,81
1706,2026-06-04 14:47:58.115132,B,True,96
1264,2026-06-04 14:48:19.331598,B,True,117
1557,2026-06-04 14:48:35.745851,A,True,133
1329,2026-06-04 21:33:54.110128,B,True,43
1472,2026-06-05 11:25:57.355053,A,True,264
1761,2026-06-05 11:27:00.700095,A,True,328
1286,2026-06-05 11:27:26.494686,A,False,353
1112,2026-06-05 11:28:36.701743,C,False,424
1592,2026-06-05 11:29:21.591653,A,False,469
1622,2026-06-05 11:32:10.297880,A,True,637
1538,2026-06-05 11:32:59.160926,C,False,686
1112,2026-06-05 16:53:23.068264,E,False,50
1538,2026-06-05 16:55:58.172608,A,True,40
2124,2026-06-05 16:56:31.295114,C,False,28
2132,2026-06-05 16:59:15.959334,D,True,123
2131,2026-06-05 16:59:55.370314,C,True,10
1286,2026-06-05 17:00:09.632623,B,True,9
1592,2026-06-05 17:00:24.091375,B,True,10
1663,2026-06-05 17:04:27.695419,C,True,58
1546,2026-06-05 17:05:08.533978,D,False,99
1089,2026-06-05 17:06:54.760120,D,True,205
1748,2026-06-05 17:07:53.078479,C,True,264
1708,2026-06-05 17:08:23.027638,E,True,294
1555,2026-06-05 17:08:49.544389,A,False,320
1603,2026-06-05 17:11:08.337912,B,True,459
1732,2026-06-05 17:11:47.636911,D,True,498
1567,2026-06-05 17:12:50.316108,B,False,33
1575,2026-06-05 17:17:12.576529,B,True,20
1737,2026-06-05 17:18:54.327369,A,True,122
1221,2026-06-05 17:19:56.465689,A,True,17
1342,2026-06-05 17:22:53.127586,C,True,21
1637,2026-06-05 17:24:48.314939,A,True,29
1669,2026-06-05 17:26:50.482331,C,True,42
1333,2026-06-05 17:27:38.611091,C,True,43
1758,2026-06-05 17:31:39.018347,D,True,235
1514,2026-06-05 17:44:24.367217,C,False,46
1514,2026-06-05 17:47:16.627400,C,True,23
1514,2026-06-05 17:49:21.330328,C,True,22
1337,2026-06-05 17:50:17.244897,A,True,78
1343,2026-06-05 17:50:34.973612,E,True,13
1336,2026-06-05 17:50:58.897829,A,False,19
1335,2026-06-05 17:53:36.617184,C,True,41
1194,2026-06-05 17:54:10.798995,D,True,28
1171,2026-06-05 17:55:10.195053,E,True,54
1399,2026-06-05 17:55:43.896193,E,True,28
1442,2026-06-05 17:56:13.259555,A,False,24
1144,2026-06-05 21:39:44.006295,C,True,65
1569,2026-06-05 21:40:19.477601,A,False,26
2124,2026-06-06 11:30:02.072422,B,True,1316
1569,2026-06-06 11:30:47.127289,B,True,21
1112,2026-06-06 12:38:20.559507,D,True,4046
2124,2026-06-06 12:38:49.062264,B,True,15
1555,2026-06-06 12:39:11.472537,C,True,17
1567,2026-06-06 12:39:48.017576,C,True,30
1538,2026-06-06 12:40:22.671408,A,True,28
1546,2026-06-06 12:40:49.496121,A,True,19
1336,2026-06-06 12:41:02.706804,C,True,8
1442,2026-06-06 12:41:22.234827,D,True,14
1592,2026-06-06 12:41:42.329074,B,True,14
1286,2026-06-06 12:41:57.731842,B,True,10
1514,2026-06-06 12:42:40.593030,C,True,37
1532,2026-06-06 16:47:33.824763,B,True,73
1127,2026-06-06 16:49:23.284349,B,False,182
1390,2026-06-06 16:53:32.006294,C,True,431
2124,2026-06-06 16:54:47.558705,B,True,506
1127,2026-06-06 16:59:18.347829,C,True,777
1569,2026-06-06 16:59:59.812280,B,True,819
1112,2026-06-06 17:00:52.317646,D,True,871
1848,2026-06-06 17:24:15.058984,A,True,2274
1005,2026-06-06 17:52:08.879783,B,True,3948
1535,2026-06-06 18:14:02.602083,A,True,313
1387,2026-06-06 18:15:52.153689,C,False,422
1387,2026-06-06 18:18:04.166007,E,True,554
1974,2026-06-06 18:20:29.204242,C,False,699
1433,2026-06-06 18:32:08.325905,E,True,361
1947,2026-06-06 18:34:14.383296,A,True,45
2037,2026-06-06 18:35:31.806055,A,True,122
1450,2026-06-06 18:36:31.800917,C,False,182
1450,2026-06-06 18:40:51.435339,B,True,442
1634,2026-06-06 18:43:23.880919,A,False,47
1569,2026-06-06 18:44:23.079229,B,True,13
1525,2026-06-07 22:00:30.314071,E,False,19
1129,2026-06-07 22:02:47.272432,A,True,70
1576,2026-06-07 22:03:40.441890,D,True,46
1022,2026-06-07 22:04:22.605002,D,True,17
1700,2026-06-07 22:04:50.898918,C,True,20
1215,2026-06-07 22:05:11.679344,A,True,14
1193,2026-06-07 22:05:28.908748,A,True,11
1188,2026-06-07 22:05:51.642632,E,True,16
1181,2026-06-07 22:06:29.740233,A,True,19
1705,2026-06-07 22:07:02.825253,B,True,27
1104,2026-06-07 22:08:10.068835,C,True,61
1670,2026-06-07 22:11:53.512215,E,True,42
1200,2026-06-07 22:12:26.659504,E,True,26
1733,2026-06-07 22:15:22.829175,B,True,170
1714,2026-06-07 22:16:07.732780,D,True,39
1577,2026-06-07 22:16:33.998491,C,True,21
1591,2026-06-07 22:17:06.324112,C,True,26
1125,2026-06-07 22:17:55.389,C,False,42
1525,2026-06-08 11:06:23.765953,A,True,79
1127,2026-06-08 11:07:21.771108,C,True,31
1450,2026-06-08 11:10:09.221861,B,True,18
1634,2026-06-08 11:10:30.432089,C,True,16
1974,2026-06-08 11:11:09.619092,A,True,35
1387,2026-06-08 11:11:29.584109,E,True,15
1125,2026-06-08 11:11:45.054800,B,True,11
1727,2026-06-08 11:12:41.008953,C,True,27
1673,2026-06-08 11:13:14.208693,D,True,29
1619,2026-06-08 11:13:38.479278,D,True,20
1598,2026-06-08 11:13:58.654265,C,True,16
1551,2026-06-08 11:14:25.287521,B,True,22
1519,2026-06-08 11:14:42.489474,C,True,13
1154,2026-06-08 11:15:19.616739,A,False,33
1904,2026-06-08 11:16:26.533818,B,False,15
1935,2026-06-08 11:17:51.801425,C,True,9
1941,2026-06-08 11:18:13.440296,A,True,17
1905,2026-06-08 11:18:35.362608,A,True,17
1950,2026-06-08 11:22:41.551368,A,True,40
1952,2026-06-08 11:22:59.215029,A,True,12
1890,2026-06-08 11:24:41.812042,C,True,97
1953,2026-06-08 11:25:23.460735,D,True,36
2083,2026-06-08 14:02:41.550913,C,True,8941
1458,2026-06-08 14:03:46.091003,C,True,40
1658,2026-06-08 14:04:52.476606,A,True,47
1762,2026-06-08 14:19:51.308930,C,False,893
1683,2026-06-08 14:21:12.733095,D,True,18
1025,2026-06-08 14:21:51.476251,C,False,31
1326,2026-06-08 14:43:46.772480,C,True,272
1025,2026-06-08 14:55:09.515666,B,True,489
1371,2026-06-08 15:38:03.210970,E,True,80
1762,2026-06-08 15:40:01.520230,A,True,46
1525,2026-06-08 15:40:45.472168,A,True,39
1025,2026-06-08 15:41:12.625120,B,True,22
1390,2026-06-08 15:41:40.700924,C,True,22
1523,2026-06-08 15:42:18.528287,C,True,33
1476,2026-06-08 15:44:22.016633,A,True,67
1322,2026-06-08 15:45:19.584666,C,True,52
1377,2026-06-08 15:46:27.153405,E,False,54
1484,2026-06-08 15:47:55.237451,A,False,23
1521,2026-06-08 15:51:47.970691,A,False,87
1535,2026-06-08 15:52:56.422435,D,False,32
1422,2026-06-08 15:53:54.804390,A,True,27
1683,2026-06-08 15:54:43.317506,D,True,33
1744,2026-06-08 15:56:26.699891,B,False,98
1897,2026-06-08 16:19:27.738299,A,False,49
1897,2026-06-08 16:39:38.558887,B,True,51
1783,2026-06-08 16:47:06.945234,D,False,83
1827,2026-06-08 16:49:34.514067,A,False,230
2053,2026-06-08 17:05:18.857331,D,True,1175
1540,2026-06-08 17:06:54.063352,E,False,56
1080,2026-06-08 17:09:09.680223,C,True,191
1680,2026-06-08 17:11:08.696607,E,True,310
1135,2026-06-08 18:22:58.351363,D,True,4620
1180,2026-06-08 18:23:13.220250,C,True,4635
1219,2026-06-08 18:23:52.681745,B,False,4674
1219,2026-06-08 18:25:26.896824,D,True,4769
1148,2026-06-08 18:25:52.330372,A,True,14
1231,2026-06-08 18:26:05.468165,D,True,27
1563,2026-06-08 18:26:33.227979,C,True,55
1156,2026-06-08 18:26:49.322388,D,True,71
1163,2026-06-08 18:29:32.961417,E,True,234
