QID,session_id,timestamp,reviewed
1412,4806739b-0f98-4995-be76-7edd51dcd897,2026-05-05 20:30:23.640151,False
1253,4806739b-0f98-4995-be76-7edd51dcd897,2026-05-05 20:30:41.395946,False
1073,be22e8e3-8902-4a44-807c-4b2826ce5d0d,2026-05-05 20:46:18.124505,False
1458,e89b8410-5845-4090-ba1e-cfe93e506189,2026-05-05 20:47:17.408183,False
1220,54b96f3a-1ca7-4f29-8949-2af4352522d4,2026-05-05 20:48:41.169748,False
1388,9dfa093b-baec-446b-a320-5484234bdd1a,2026-05-05 20:51:44.111383,False
1690,f7afe5bc-097c-4636-bf1e-7d2b3335d872,2026-05-05 20:53:46.749897,False
1637,72b44f8e-88b1-4d11-8ebb-5e19dac64a1b,2026-05-05 20:58:03.111242,False
1326,abfc22fe-4134-4fc2-859e-68ffa0144348,2026-05-05 20:58:37.512117,False
1326,abfc22fe-4134-4fc2-859e-68ffa0144348,2026-05-05 20:59:47.831822,False
1341,40eb221b-3ae7-4bac-9c03-723bea2223c9,2026-05-05 21:03:27.136389,False
1122,67c4ce39-849b-4261-89cd-3b88c4797ac1,2026-05-05 21:06:56.437206,False
1735,0cb34272-78a3-4bf6-b2bf-704a2cb85f42,2026-05-05 21:08:44.090150,False
1684,affc1a8d-91aa-49c6-8357-1d57dd0173e1,2026-05-05 21:11:23.585076,False
1690,affc1a8d-91aa-49c6-8357-1d57dd0173e1,2026-05-05 21:11:27.277464,False
1058,affc1a8d-91aa-49c6-8357-1d57dd0173e1,2026-05-05 21:11:29.936118,False
